<?xml version="1.0" encoding="UTF-8"?>
<GenRun Id="impl_1" LaunchPart="xc7a35tcpg236-1" LaunchTime="1699284140">
  <File Type="WBT-USG" Name="usage_statistics_webtalk.html"/>
  <File Type="BITSTR-SYSDEF" Name="logisimTopLevelShell.sysdef"/>
  <File Type="BITSTR-LTX" Name="debug_nets.ltx"/>
  <File Type="BITSTR-LTX" Name="logisimTopLevelShell.ltx"/>
  <File Type="BG-BGN" Name="logisimTopLevelShell.bgn"/>
  <File Type="NPI_FILE" Name="logisimTopLevelShell.npi"/>
  <File Type="BG-DRC" Name="logisimTopLevelShell.drc"/>
  <File Type="RNPI_FILE" Name="logisimTopLevelShell.rnpi"/>
  <File Type="CFI_FILE" Name="logisimTopLevelShell.cfi"/>
  <File Type="RCFI_FILE" Name="logisimTopLevelShell.rcfi"/>
  <File Type="PDI-FILE" Name="logisimTopLevelShell.pdi"/>
  <File Type="BITSTR-MMI" Name="logisimTopLevelShell.mmi"/>
  <File Type="BITSTR-BMM" Name="logisimTopLevelShell_bd.bmm"/>
  <File Type="BITSTR-NKY" Name="logisimTopLevelShell.nky"/>
  <File Type="BITSTR-RBT" Name="logisimTopLevelShell.rbt"/>
  <File Type="BITSTR-MSK" Name="logisimTopLevelShell.msk"/>
  <File Type="RBD_FILE" Name="logisimTopLevelShell.rbd"/>
  <File Type="BG-BIN" Name="logisimTopLevelShell.bin"/>
  <File Type="BG-BIT" Name="logisimTopLevelShell.bit"/>
  <File Type="POSTROUTE-PHYSOPT-BUS-SKEW-RPX" Name="logisimTopLevelShell_bus_skew_postroute_physopted.rpx"/>
  <File Type="POSTROUTE-PHYSOPT-BUS-SKEW-PB" Name="logisimTopLevelShell_bus_skew_postroute_physopted.pb"/>
  <File Type="POSTROUTE-PHYSOPT-BUS-SKEW" Name="logisimTopLevelShell_bus_skew_postroute_physopted.rpt"/>
  <File Type="RDI-RDI" Name="logisimTopLevelShell.vdi"/>
  <File Type="POSTROUTE-PHYSOPT-TIMING-RPX" Name="logisimTopLevelShell_timing_summary_postroute_physopted.rpx"/>
  <File Type="POSTROUTE-PHYSOPT-TIMING-PB" Name="logisimTopLevelShell_timing_summary_postroute_physopted.pb"/>
  <File Type="POSTROUTE-PHYSOPT-TIMING" Name="logisimTopLevelShell_timing_summary_postroute_physopted.rpt"/>
  <File Type="POSTROUTE-PHYSOPT-BLACKBOX-DCP" Name="logisimTopLevelShell_postroute_physopt_bb.dcp"/>
  <File Type="POSTROUTE-PHYSOPT-DCP" Name="logisimTopLevelShell_postroute_physopt.dcp"/>
  <File Type="ROUTE-BUS-SKEW" Name="logisimTopLevelShell_bus_skew_routed.rpt"/>
  <File Type="ROUTE-CLK" Name="logisimTopLevelShell_clock_utilization_routed.rpt"/>
  <File Type="ROUTE-SIMILARITY" Name="logisimTopLevelShell_incremental_reuse_routed.rpt"/>
  <File Type="ROUTE-TIMING-RPX" Name="logisimTopLevelShell_timing_summary_routed.rpx"/>
  <File Type="ROUTE-TIMING-PB" Name="logisimTopLevelShell_timing_summary_routed.pb"/>
  <File Type="ROUTE-TIMINGSUMMARY" Name="logisimTopLevelShell_timing_summary_routed.rpt"/>
  <File Type="ROUTE-STATUS-PB" Name="logisimTopLevelShell_route_status.pb"/>
  <File Type="ROUTE-STATUS" Name="logisimTopLevelShell_route_status.rpt"/>
  <File Type="ROUTE-PWR-RPX" Name="logisimTopLevelShell_power_routed.rpx"/>
  <File Type="ROUTE-PWR-SUM" Name="logisimTopLevelShell_power_summary_routed.pb"/>
  <File Type="ROUTE-PWR" Name="logisimTopLevelShell_power_routed.rpt"/>
  <File Type="ROUTE-METHODOLOGY-DRC-PB" Name="logisimTopLevelShell_methodology_drc_routed.pb"/>
  <File Type="ROUTE-METHODOLOGY-DRC-RPX" Name="logisimTopLevelShell_methodology_drc_routed.rpx"/>
  <File Type="ROUTE-METHODOLOGY-DRC" Name="logisimTopLevelShell_methodology_drc_routed.rpt"/>
  <File Type="ROUTE-DRC-RPX" Name="logisimTopLevelShell_drc_routed.rpx"/>
  <File Type="ROUTE-DRC-PB" Name="logisimTopLevelShell_drc_routed.pb"/>
  <File Type="ROUTE-DRC" Name="logisimTopLevelShell_drc_routed.rpt"/>
  <File Type="ROUTE-BLACKBOX-DCP" Name="logisimTopLevelShell_routed_bb.dcp"/>
  <File Type="ROUTE-DCP" Name="logisimTopLevelShell_routed.dcp"/>
  <File Type="ROUTE-ERROR-DCP" Name="logisimTopLevelShell_routed_error.dcp"/>
  <File Type="PHYSOPT-TIMING" Name="logisimTopLevelShell_timing_summary_physopted.rpt"/>
  <File Type="PHYSOPT-DRC" Name="logisimTopLevelShell_drc_physopted.rpt"/>
  <File Type="PHYSOPT-DCP" Name="logisimTopLevelShell_physopt.dcp"/>
  <File Type="POSTPLACE-PWROPT-TIMING" Name="logisimTopLevelShell_timing_summary_postplace_pwropted.rpt"/>
  <File Type="POSTPLACE-PWROPT-DCP" Name="logisimTopLevelShell_postplace_pwropt.dcp"/>
  <File Type="PLACE-TIMING" Name="logisimTopLevelShell_timing_summary_placed.rpt"/>
  <File Type="PLACE-PRE-SIMILARITY" Name="logisimTopLevelShell_incremental_reuse_pre_placed.rpt"/>
  <File Type="PLACE-SIMILARITY" Name="logisimTopLevelShell_incremental_reuse_placed.rpt"/>
  <File Type="PLACE-CTRL" Name="logisimTopLevelShell_control_sets_placed.rpt"/>
  <File Type="PLACE-UTIL-PB" Name="logisimTopLevelShell_utilization_placed.pb"/>
  <File Type="PLACE-UTIL" Name="logisimTopLevelShell_utilization_placed.rpt"/>
  <File Type="PLACE-CLK" Name="logisimTopLevelShell_clock_utilization_placed.rpt"/>
  <File Type="PLACE-IO" Name="logisimTopLevelShell_io_placed.rpt"/>
  <File Type="PLACE-DCP" Name="logisimTopLevelShell_placed.dcp"/>
  <File Type="PWROPT-TIMING" Name="logisimTopLevelShell_timing_summary_pwropted.rpt"/>
  <File Type="PWROPT-DRC" Name="logisimTopLevelShell_drc_pwropted.rpt"/>
  <File Type="PWROPT-DCP" Name="logisimTopLevelShell_pwropt.dcp"/>
  <File Type="OPT-TIMING" Name="logisimTopLevelShell_timing_summary_opted.rpt"/>
  <File Type="OPT-HWDEF" Name="logisimTopLevelShell.hwdef"/>
  <File Type="OPT-METHODOLOGY-DRC" Name="logisimTopLevelShell_methodology_drc_opted.rpt"/>
  <File Type="OPT-DRC" Name="logisimTopLevelShell_drc_opted.rpt"/>
  <File Type="OPT-DCP" Name="logisimTopLevelShell_opt.dcp"/>
  <File Type="INIT-TIMING" Name="logisimTopLevelShell_timing_summary_init.rpt"/>
  <File Type="ROUTE-BUS-SKEW-RPX" Name="logisimTopLevelShell_bus_skew_routed.rpx"/>
  <File Type="REPORTS-TCL" Name="logisimTopLevelShell_reports.tcl"/>
  <File Type="ROUTE-BUS-SKEW-PB" Name="logisimTopLevelShell_bus_skew_routed.pb"/>
  <File Type="PA-TCL" Name="logisimTopLevelShell.tcl"/>
  <FileSet Name="sources" Type="DesignSrcs" RelSrcDir="$PSRCDIR/sources_1">
    <Filter Type="Srcs"/>
    <File Path="$PPRDIR/../../vhdl/gates/AND_GATE_entity.vhd">
      <FileInfo>
        <Attr Name="UsedIn" Val="synthesis"/>
        <Attr Name="UsedIn" Val="simulation"/>
      </FileInfo>
    </File>
    <File Path="$PPRDIR/../../vhdl/gates/AND_GATE_behavior.vhd">
      <FileInfo>
        <Attr Name="UsedIn" Val="synthesis"/>
        <Attr Name="UsedIn" Val="simulation"/>
      </FileInfo>
    </File>
    <File Path="$PPRDIR/../../vhdl/arith/Comparator_entity.vhd">
      <FileInfo>
        <Attr Name="UsedIn" Val="synthesis"/>
        <Attr Name="UsedIn" Val="simulation"/>
      </FileInfo>
    </File>
    <File Path="$PPRDIR/../../vhdl/arith/Comparator_behavior.vhd">
      <FileInfo>
        <Attr Name="UsedIn" Val="synthesis"/>
        <Attr Name="UsedIn" Val="simulation"/>
      </FileInfo>
    </File>
    <File Path="$PPRDIR/../../vhdl/memory/D_FLIPFLOP_entity.vhd">
      <FileInfo>
        <Attr Name="UsedIn" Val="synthesis"/>
        <Attr Name="UsedIn" Val="simulation"/>
      </FileInfo>
    </File>
    <File Path="$PPRDIR/../../vhdl/memory/D_FLIPFLOP_behavior.vhd">
      <FileInfo>
        <Attr Name="UsedIn" Val="synthesis"/>
        <Attr Name="UsedIn" Val="simulation"/>
      </FileInfo>
    </File>
    <File Path="$PPRDIR/../../vhdl/circuit/Exercise_entity.vhd">
      <FileInfo>
        <Attr Name="UsedIn" Val="synthesis"/>
        <Attr Name="UsedIn" Val="simulation"/>
      </FileInfo>
    </File>
    <File Path="$PPRDIR/../../vhdl/circuit/Exercise_behavior.vhd">
      <FileInfo>
        <Attr Name="UsedIn" Val="synthesis"/>
        <Attr Name="UsedIn" Val="simulation"/>
      </FileInfo>
    </File>
    <File Path="$PPRDIR/../../vhdl/circuit/Image_Gen_entity.vhd">
      <FileInfo>
        <Attr Name="UsedIn" Val="synthesis"/>
        <Attr Name="UsedIn" Val="simulation"/>
      </FileInfo>
    </File>
    <File Path="$PPRDIR/../../vhdl/circuit/Image_Gen_behavior.vhd">
      <FileInfo>
        <Attr Name="UsedIn" Val="synthesis"/>
        <Attr Name="UsedIn" Val="simulation"/>
      </FileInfo>
    </File>
    <File Path="$PPRDIR/../../vhdl/memory/LogisimCounter_entity.vhd">
      <FileInfo>
        <Attr Name="UsedIn" Val="synthesis"/>
        <Attr Name="UsedIn" Val="simulation"/>
      </FileInfo>
    </File>
    <File Path="$PPRDIR/../../vhdl/memory/LogisimCounter_behavior.vhd">
      <FileInfo>
        <Attr Name="UsedIn" Val="synthesis"/>
        <Attr Name="UsedIn" Val="simulation"/>
      </FileInfo>
    </File>
    <File Path="$PPRDIR/../../vhdl/plexers/Multiplexer_bus_2_entity.vhd">
      <FileInfo>
        <Attr Name="UsedIn" Val="synthesis"/>
        <Attr Name="UsedIn" Val="simulation"/>
      </FileInfo>
    </File>
    <File Path="$PPRDIR/../../vhdl/plexers/Multiplexer_bus_2_behavior.vhd">
      <FileInfo>
        <Attr Name="UsedIn" Val="synthesis"/>
        <Attr Name="UsedIn" Val="simulation"/>
      </FileInfo>
    </File>
    <File Path="$PPRDIR/../../vhdl/plexers/Multiplexer_bus_4_entity.vhd">
      <FileInfo>
        <Attr Name="UsedIn" Val="synthesis"/>
        <Attr Name="UsedIn" Val="simulation"/>
      </FileInfo>
    </File>
    <File Path="$PPRDIR/../../vhdl/plexers/Multiplexer_bus_4_behavior.vhd">
      <FileInfo>
        <Attr Name="UsedIn" Val="synthesis"/>
        <Attr Name="UsedIn" Val="simulation"/>
      </FileInfo>
    </File>
    <File Path="$PPRDIR/../../vhdl/gates/OR_GATE_entity.vhd">
      <FileInfo>
        <Attr Name="UsedIn" Val="synthesis"/>
        <Attr Name="UsedIn" Val="simulation"/>
      </FileInfo>
    </File>
    <File Path="$PPRDIR/../../vhdl/gates/OR_GATE_behavior.vhd">
      <FileInfo>
        <Attr Name="UsedIn" Val="synthesis"/>
        <Attr Name="UsedIn" Val="simulation"/>
      </FileInfo>
    </File>
    <File Path="$PPRDIR/../../vhdl/memory/REGISTER_FLIP_FLOP_entity.vhd">
      <FileInfo>
        <Attr Name="UsedIn" Val="synthesis"/>
        <Attr Name="UsedIn" Val="simulation"/>
      </FileInfo>
    </File>
    <File Path="$PPRDIR/../../vhdl/memory/REGISTER_FLIP_FLOP_behavior.vhd">
      <FileInfo>
        <Attr Name="UsedIn" Val="synthesis"/>
        <Attr Name="UsedIn" Val="simulation"/>
      </FileInfo>
    </File>
    <File Path="$PPRDIR/../../vhdl/arith/Subtractor_entity.vhd">
      <FileInfo>
        <Attr Name="UsedIn" Val="synthesis"/>
        <Attr Name="UsedIn" Val="simulation"/>
      </FileInfo>
    </File>
    <File Path="$PPRDIR/../../vhdl/arith/Subtractor_behavior.vhd">
      <FileInfo>
        <Attr Name="UsedIn" Val="synthesis"/>
        <Attr Name="UsedIn" Val="simulation"/>
      </FileInfo>
    </File>
    <File Path="$PPRDIR/../../vhdl/circuit/VGA_ctrl_entity.vhd">
      <FileInfo>
        <Attr Name="UsedIn" Val="synthesis"/>
        <Attr Name="UsedIn" Val="simulation"/>
      </FileInfo>
    </File>
    <File Path="$PPRDIR/../../vhdl/circuit/VGA_ctrl_behavior.vhd">
      <FileInfo>
        <Attr Name="UsedIn" Val="synthesis"/>
        <Attr Name="UsedIn" Val="simulation"/>
      </FileInfo>
    </File>
    <File Path="$PPRDIR/../../vhdl/circuit/drapeau_france_entity.vhd">
      <FileInfo>
        <Attr Name="UsedIn" Val="synthesis"/>
        <Attr Name="UsedIn" Val="simulation"/>
      </FileInfo>
    </File>
    <File Path="$PPRDIR/../../vhdl/circuit/drapeau_france_behavior.vhd">
      <FileInfo>
        <Attr Name="UsedIn" Val="synthesis"/>
        <Attr Name="UsedIn" Val="simulation"/>
      </FileInfo>
    </File>
    <File Path="$PPRDIR/../../vhdl/toplevel/logisimTopLevelShell_entity.vhd">
      <FileInfo>
        <Attr Name="UsedIn" Val="synthesis"/>
        <Attr Name="UsedIn" Val="simulation"/>
      </FileInfo>
    </File>
    <File Path="$PPRDIR/../../vhdl/toplevel/logisimTopLevelShell_behavior.vhd">
      <FileInfo>
        <Attr Name="UsedIn" Val="synthesis"/>
        <Attr Name="UsedIn" Val="simulation"/>
      </FileInfo>
    </File>
    <Config>
      <Option Name="DesignMode" Val="RTL"/>
      <Option Name="TopModule" Val="logisimTopLevelShell"/>
      <Option Name="TopAutoSet" Val="TRUE"/>
    </Config>
  </FileSet>
  <FileSet Name="constrs_in" Type="Constrs" RelSrcDir="$PSRCDIR/constrs_1">
    <Filter Type="Constrs"/>
    <File Path="$PPRDIR/../../xdc/vivadoConstraints.xdc">
      <FileInfo>
        <Attr Name="UsedIn" Val="synthesis"/>
        <Attr Name="UsedIn" Val="implementation"/>
      </FileInfo>
    </File>
    <Config>
      <Option Name="ConstrsType" Val="XDC"/>
    </Config>
  </FileSet>
  <FileSet Name="utils" Type="Utils" RelSrcDir="$PSRCDIR/utils_1">
    <Filter Type="Utils"/>
    <Config>
      <Option Name="TopAutoSet" Val="TRUE"/>
    </Config>
  </FileSet>
  <Strategy Version="1" Minor="2">
    <StratHandle Name="Vivado Implementation Defaults" Flow="Vivado Implementation 2020"/>
    <Step Id="init_design"/>
    <Step Id="opt_design"/>
    <Step Id="power_opt_design"/>
    <Step Id="place_design"/>
    <Step Id="post_place_power_opt_design"/>
    <Step Id="phys_opt_design"/>
    <Step Id="route_design"/>
    <Step Id="post_route_phys_opt_design"/>
    <Step Id="write_bitstream"/>
  </Strategy>
</GenRun>
